,mean_fit_time,std_fit_time,mean_score_time,std_score_time,param_C,param_degree,param_kernel,param_max_iter,split0_test_score,split1_test_score,split2_test_score,split3_test_score,split4_test_score,split5_test_score,split6_test_score,split7_test_score,split8_test_score,split9_test_score,mean_test_score,std_test_score,rank_test_score
278,0.002718949317932129,0.00021313275357682477,0.0018901824951171875,7.873417563262595e-05,6,1,poly,3000,1.0,1.0,1.0,1.0,1.0,1.0,0.9333333333333333,1.0,1.0,1.0,0.9933333333333334,0.019999999999999997,1
276,0.002778935432434082,0.0002025203546777453,0.002061915397644043,0.000194881720439286,6,1,poly,1000,1.0,1.0,1.0,1.0,1.0,1.0,0.9333333333333333,1.0,1.0,1.0,0.9933333333333334,0.019999999999999997,1
277,0.0027216434478759765,0.00017212428488340146,0.0019825220108032225,0.00020434878668296197,6,1,poly,2000,1.0,1.0,1.0,1.0,1.0,1.0,0.9333333333333333,1.0,1.0,1.0,0.9933333333333334,0.019999999999999997,1
168,0.0029284000396728516,0.000492589704235878,0.0020464420318603515,0.0003579305353506661,4,1,poly,1000,1.0,1.0,1.0,1.0,1.0,0.9333333333333333,0.9333333333333333,1.0,1.0,1.0,0.9866666666666667,0.026666666666666658,4
169,0.0028154850006103516,0.00038725185691500805,0.001971149444580078,0.0003199252589668991,4,1,poly,2000,1.0,1.0,1.0,1.0,1.0,0.9333333333333333,0.9333333333333333,1.0,1.0,1.0,0.9866666666666667,0.026666666666666658,4
170,0.003439807891845703,0.0009730976903655001,0.0023563146591186524,0.0005391694494440303,4,1,poly,3000,1.0,1.0,1.0,1.0,1.0,0.9333333333333333,0.9333333333333333,1.0,1.0,1.0,0.9866666666666667,0.026666666666666658,4
115,0.0021372318267822267,0.0004371310703265747,0.0014075756072998047,0.0001961167177025652,3,1,poly,2000,1.0,0.9333333333333333,1.0,1.0,1.0,0.9333333333333333,0.9333333333333333,1.0,1.0,1.0,0.9800000000000001,0.030550504633038926,7
116,0.002125859260559082,0.00034892834368089725,0.0015990257263183594,0.00027916390193935146,3,1,poly,3000,1.0,0.9333333333333333,1.0,1.0,1.0,0.9333333333333333,0.9333333333333333,1.0,1.0,1.0,0.9800000000000001,0.030550504633038926,7
241,0.004712367057800293,0.00108378894368292,0.0037238359451293944,0.0007998304188743934,5,3,poly,2000,1.0,1.0,1.0,1.0,0.9333333333333333,1.0,0.8666666666666667,1.0,1.0,1.0,0.9800000000000001,0.04268749491621898,7
240,0.004599666595458985,0.0010781465994588264,0.0035373687744140623,0.0010322517660878942,5,3,poly,1000,1.0,1.0,1.0,1.0,0.9333333333333333,1.0,0.8666666666666667,1.0,1.0,1.0,0.9800000000000001,0.04268749491621898,7
239,0.0045690774917602536,0.0007541198685972103,0.0032028436660766603,0.0009150273667138524,5,3,rbf,3000,1.0,0.9333333333333333,1.0,1.0,0.9333333333333333,1.0,0.9333333333333333,1.0,1.0,1.0,0.9800000000000001,0.030550504633038926,7
120,0.00213470458984375,0.00036652652297793054,0.0015283584594726562,0.0002245289471722412,3,2,rbf,1000,1.0,0.9333333333333333,1.0,1.0,1.0,0.9333333333333333,0.9333333333333333,1.0,1.0,1.0,0.9800000000000001,0.030550504633038926,7
306,0.0037186861038208006,0.0012262083829473504,0.0029405593872070313,0.001028452820204937,6,5,linear,1000,1.0,1.0,1.0,1.0,0.8666666666666667,1.0,0.9333333333333333,1.0,1.0,1.0,0.9800000000000001,0.04268749491621898,7
123,0.002155160903930664,0.00039065178042678146,0.0014928817749023438,0.0002451561736514931,3,2,poly,1000,1.0,0.9333333333333333,1.0,1.0,0.9333333333333333,1.0,0.9333333333333333,1.0,1.0,1.0,0.9800000000000001,0.030550504633038926,7
124,0.002025198936462402,0.00022892050242647144,0.0015154123306274415,0.00021463511122879226,3,2,poly,2000,1.0,0.9333333333333333,1.0,1.0,0.9333333333333333,1.0,0.9333333333333333,1.0,1.0,1.0,0.9800000000000001,0.030550504633038926,7
125,0.0019759893417358398,0.00010736475714693709,0.0014377832412719727,0.00011477393384626756,3,2,poly,3000,1.0,0.9333333333333333,1.0,1.0,0.9333333333333333,1.0,0.9333333333333333,1.0,1.0,1.0,0.9800000000000001,0.030550504633038926,7
238,0.00406031608581543,0.0009008418698438284,0.0033401727676391603,0.0006837741853192348,5,3,rbf,2000,1.0,0.9333333333333333,1.0,1.0,0.9333333333333333,1.0,0.9333333333333333,1.0,1.0,1.0,0.9800000000000001,0.030550504633038926,7
237,0.0033599376678466798,0.0007844571638464787,0.0026987314224243162,0.0006372072739112246,5,3,rbf,1000,1.0,0.9333333333333333,1.0,1.0,0.9333333333333333,1.0,0.9333333333333333,1.0,1.0,1.0,0.9800000000000001,0.030550504633038926,7
129,0.0030521392822265626,0.0006543650603145012,0.002338671684265137,0.0005083482139178047,3,3,rbf,1000,1.0,0.9333333333333333,1.0,1.0,1.0,0.9333333333333333,0.9333333333333333,1.0,1.0,1.0,0.9800000000000001,0.030550504633038926,7
130,0.004210805892944336,0.0008375014455959151,0.0029972314834594725,0.0005991464590008444,3,3,rbf,2000,1.0,0.9333333333333333,1.0,1.0,1.0,0.9333333333333333,0.9333333333333333,1.0,1.0,1.0,0.9800000000000001,0.030550504633038926,7
131,0.003541874885559082,0.0007352775640485929,0.0025730371475219727,0.00032166062059840544,3,3,rbf,3000,1.0,0.9333333333333333,1.0,1.0,1.0,0.9333333333333333,0.9333333333333333,1.0,1.0,1.0,0.9800000000000001,0.030550504633038926,7
132,0.004450082778930664,0.0010793218292458225,0.0035896778106689455,0.001501212267510085,3,3,poly,1000,1.0,1.0,1.0,1.0,0.9333333333333333,1.0,0.8666666666666667,1.0,1.0,1.0,0.9800000000000001,0.04268749491621898,7
133,0.005074071884155274,0.0012778376338650726,0.0036449670791625977,0.0013267334669328382,3,3,poly,2000,1.0,1.0,1.0,1.0,0.9333333333333333,1.0,0.8666666666666667,1.0,1.0,1.0,0.9800000000000001,0.04268749491621898,7
122,0.0021291732788085937,0.00015131776405633119,0.0014917373657226563,0.00012285197415928692,3,2,rbf,3000,1.0,0.9333333333333333,1.0,1.0,1.0,0.9333333333333333,0.9333333333333333,1.0,1.0,1.0,0.9800000000000001,0.030550504633038926,7
121,0.0020962953567504883,0.00018930390890007192,0.0014664411544799804,0.00011201091854520441,3,2,rbf,2000,1.0,0.9333333333333333,1.0,1.0,1.0,0.9333333333333333,0.9333333333333333,1.0,1.0,1.0,0.9800000000000001,0.030550504633038926,7
114,0.0019975900650024414,0.00019592713855878403,0.0014726877212524413,0.0001720310723770222,3,1,poly,1000,1.0,0.9333333333333333,1.0,1.0,1.0,0.9333333333333333,0.9333333333333333,1.0,1.0,1.0,0.9800000000000001,0.030550504633038926,7
113,0.002027440071105957,0.00014691897807465217,0.0015110015869140626,0.00030753329996818904,3,1,rbf,3000,1.0,0.9333333333333333,1.0,1.0,1.0,0.9333333333333333,0.9333333333333333,1.0,1.0,1.0,0.9800000000000001,0.030550504633038926,7
92,0.002484774589538574,0.0005050187998523486,0.0019059896469116211,0.0002784344415121347,2,5,linear,3000,1.0,1.0,1.0,1.0,0.8666666666666667,1.0,0.9333333333333333,1.0,1.0,1.0,0.9800000000000001,0.04268749491621898,7
93,0.0021653175354003906,0.00020319893923265446,0.0014765024185180663,0.0002372712771145073,2,5,rbf,1000,1.0,0.9333333333333333,1.0,1.0,1.0,0.9333333333333333,0.9333333333333333,1.0,1.0,1.0,0.9800000000000001,0.030550504633038926,7
94,0.002162623405456543,0.00031459112517132006,0.0015224218368530273,0.00036497658164711294,2,5,rbf,2000,1.0,0.9333333333333333,1.0,1.0,1.0,0.9333333333333333,0.9333333333333333,1.0,1.0,1.0,0.9800000000000001,0.030550504633038926,7
95,0.0023629188537597655,0.0003453084655205405,0.0018694639205932618,0.0005618988197708123,2,5,rbf,3000,1.0,0.9333333333333333,1.0,1.0,1.0,0.9333333333333333,0.9333333333333333,1.0,1.0,1.0,0.9800000000000001,0.030550504633038926,7
248,0.0029661893844604493,0.00046557895729865167,0.002231144905090332,0.00040233159524415764,5,4,rbf,3000,1.0,0.9333333333333333,1.0,1.0,0.9333333333333333,1.0,0.9333333333333333,1.0,1.0,1.0,0.9800000000000001,0.030550504633038926,7
194,0.004268145561218262,0.0010308827012617196,0.0028867483139038085,0.00037088001268880126,4,4,rbf,3000,1.0,0.9333333333333333,1.0,1.0,0.9333333333333333,1.0,0.9333333333333333,1.0,1.0,1.0,0.9800000000000001,0.030550504633038926,7
246,0.0030354022979736327,0.0002402709101341041,0.0024004459381103517,0.0006716307554189448,5,4,rbf,1000,1.0,0.9333333333333333,1.0,1.0,0.9333333333333333,1.0,0.9333333333333333,1.0,1.0,1.0,0.9800000000000001,0.030550504633038926,7
99,0.002882981300354004,0.0009027697283451642,0.0018639564514160156,0.0004428827741923579,2,6,linear,1000,1.0,1.0,1.0,1.0,0.8666666666666667,1.0,0.9333333333333333,1.0,1.0,1.0,0.9800000000000001,0.04268749491621898,7
134,0.005402469635009765,0.0009506608631344683,0.004519057273864746,0.0012816720982069501,3,3,poly,3000,1.0,1.0,1.0,1.0,0.9333333333333333,1.0,0.8666666666666667,1.0,1.0,1.0,0.9800000000000001,0.04268749491621898,7
100,0.002623128890991211,0.0006985111816868796,0.0019929170608520507,0.0004962186183733618,2,6,linear,2000,1.0,1.0,1.0,1.0,0.8666666666666667,1.0,0.9333333333333333,1.0,1.0,1.0,0.9800000000000001,0.04268749491621898,7
102,0.0025166749954223635,0.0005490208496472779,0.0018243789672851562,0.00034825722768148877,2,6,rbf,1000,1.0,0.9333333333333333,1.0,1.0,1.0,0.9333333333333333,0.9333333333333333,1.0,1.0,1.0,0.9800000000000001,0.030550504633038926,7
103,0.002583932876586914,0.0004743959378221883,0.0017786264419555665,0.000311582553049476,2,6,rbf,2000,1.0,0.9333333333333333,1.0,1.0,1.0,0.9333333333333333,0.9333333333333333,1.0,1.0,1.0,0.9800000000000001,0.030550504633038926,7
104,0.002779579162597656,0.0007706904020369653,0.001940155029296875,0.0004428362864281032,2,6,rbf,3000,1.0,0.9333333333333333,1.0,1.0,1.0,0.9333333333333333,0.9333333333333333,1.0,1.0,1.0,0.9800000000000001,0.030550504633038926,7
318,0.003275465965270996,0.0003246122854305735,0.0023988962173461916,0.00035869044837085113,6,6,rbf,1000,1.0,0.9333333333333333,1.0,1.0,0.9333333333333333,1.0,0.9333333333333333,1.0,1.0,1.0,0.9800000000000001,0.030550504633038926,7
317,0.003501582145690918,0.00036181728410655556,0.0027006387710571287,0.00021108022490755424,6,6,linear,3000,1.0,1.0,1.0,1.0,0.8666666666666667,1.0,0.9333333333333333,1.0,1.0,1.0,0.9800000000000001,0.04268749491621898,7
242,0.0043345212936401365,0.0006511552649648274,0.003138566017150879,0.0005614299051837339,5,3,poly,3000,1.0,1.0,1.0,1.0,0.9333333333333333,1.0,0.8666666666666667,1.0,1.0,1.0,0.9800000000000001,0.04268749491621898,7
111,0.002374148368835449,0.00048347278116931287,0.0017425298690795898,0.0003265122037185255,3,1,rbf,1000,1.0,0.9333333333333333,1.0,1.0,1.0,0.9333333333333333,0.9333333333333333,1.0,1.0,1.0,0.9800000000000001,0.030550504633038926,7
112,0.0022104501724243162,0.00021234592642367116,0.0016819953918457032,0.0003338949128016983,3,1,rbf,2000,1.0,0.9333333333333333,1.0,1.0,1.0,0.9333333333333333,0.9333333333333333,1.0,1.0,1.0,0.9800000000000001,0.030550504633038926,7
101,0.002405667304992676,0.0005376558177775516,0.001868295669555664,0.0007703346558115169,2,6,linear,3000,1.0,1.0,1.0,1.0,0.8666666666666667,1.0,0.9333333333333333,1.0,1.0,1.0,0.9800000000000001,0.04268749491621898,7
230,0.002635025978088379,0.0001845296484701254,0.001873183250427246,0.00011343955242017454,5,2,rbf,3000,1.0,0.9333333333333333,1.0,1.0,0.9333333333333333,1.0,0.9333333333333333,1.0,1.0,1.0,0.9800000000000001,0.030550504633038926,7
140,0.0036507129669189455,0.0005751100506385325,0.002514958381652832,0.00042236241584587365,3,4,rbf,3000,1.0,0.9333333333333333,1.0,1.0,1.0,0.9333333333333333,0.9333333333333333,1.0,1.0,1.0,0.9800000000000001,0.030550504633038926,7
139,0.0035123825073242188,0.00040201101265906214,0.002521109580993652,0.0002838362730216073,3,4,rbf,2000,1.0,0.9333333333333333,1.0,1.0,1.0,0.9333333333333333,0.9333333333333333,1.0,1.0,1.0,0.9800000000000001,0.030550504633038926,7
167,0.003123903274536133,0.0005185396826098592,0.0022365331649780275,0.0005205448267665211,4,1,rbf,3000,1.0,0.9333333333333333,1.0,1.0,0.9333333333333333,1.0,0.9333333333333333,1.0,1.0,1.0,0.9800000000000001,0.030550504633038926,7
211,0.002822279930114746,0.00015631080069697972,0.0021058082580566405,0.00031868319418860763,4,6,rbf,2000,1.0,0.9333333333333333,1.0,1.0,0.9333333333333333,1.0,0.9333333333333333,1.0,1.0,1.0,0.9800000000000001,0.030550504633038926,7
210,0.00345759391784668,0.0007715659076294425,0.002451467514038086,0.000509024847864571,4,6,rbf,1000,1.0,0.9333333333333333,1.0,1.0,0.9333333333333333,1.0,0.9333333333333333,1.0,1.0,1.0,0.9800000000000001,0.030550504633038926,7
174,0.003578853607177734,0.0005246330899797673,0.003197646141052246,0.0014523775032669434,4,2,rbf,1000,1.0,0.9333333333333333,1.0,1.0,0.9333333333333333,1.0,0.9333333333333333,1.0,1.0,1.0,0.9800000000000001,0.030550504633038926,7
175,0.0043181896209716795,0.001319931747294319,0.0027787446975708007,0.0005027702510207027,4,2,rbf,2000,1.0,0.9333333333333333,1.0,1.0,0.9333333333333333,1.0,0.9333333333333333,1.0,1.0,1.0,0.9800000000000001,0.030550504633038926,7
176,0.003859257698059082,0.00045631896530542765,0.0027095556259155275,0.0005518076026525756,4,2,rbf,3000,1.0,0.9333333333333333,1.0,1.0,0.9333333333333333,1.0,0.9333333333333333,1.0,1.0,1.0,0.9800000000000001,0.030550504633038926,7
203,0.003132200241088867,0.0003628984879758735,0.002199244499206543,0.00021914805108773765,4,5,rbf,3000,1.0,0.9333333333333333,1.0,1.0,0.9333333333333333,1.0,0.9333333333333333,1.0,1.0,1.0,0.9800000000000001,0.030550504633038926,7
202,0.0031771183013916014,0.0003285141527139138,0.0021936893463134766,0.00014330820987408792,4,5,rbf,2000,1.0,0.9333333333333333,1.0,1.0,0.9333333333333333,1.0,0.9333333333333333,1.0,1.0,1.0,0.9800000000000001,0.030550504633038926,7
201,0.003935432434082032,0.0009839878152540272,0.002588057518005371,0.0004516449357914406,4,5,rbf,1000,1.0,0.9333333333333333,1.0,1.0,0.9333333333333333,1.0,0.9333333333333333,1.0,1.0,1.0,0.9800000000000001,0.030550504633038926,7
183,0.005384397506713867,0.0013831936902897757,0.0033787250518798827,0.0006487124034297717,4,3,rbf,1000,1.0,0.9333333333333333,1.0,1.0,0.9333333333333333,1.0,0.9333333333333333,1.0,1.0,1.0,0.9800000000000001,0.030550504633038926,7
184,0.005308389663696289,0.0015249961296190464,0.003777146339416504,0.0011830768248909927,4,3,rbf,2000,1.0,0.9333333333333333,1.0,1.0,0.9333333333333333,1.0,0.9333333333333333,1.0,1.0,1.0,0.9800000000000001,0.030550504633038926,7
185,0.004250931739807129,0.000781189831698151,0.0034862041473388674,0.0012239186945087173,4,3,rbf,3000,1.0,0.9333333333333333,1.0,1.0,0.9333333333333333,1.0,0.9333333333333333,1.0,1.0,1.0,0.9800000000000001,0.030550504633038926,7
186,0.0037918806076049803,0.000256823339160446,0.0027106285095214845,0.0001928938270552836,4,3,poly,1000,1.0,1.0,1.0,1.0,0.9333333333333333,1.0,0.8666666666666667,1.0,1.0,1.0,0.9800000000000001,0.04268749491621898,7
187,0.0036287784576416017,0.00030730092058580934,0.002509474754333496,0.00028357053673409545,4,3,poly,2000,1.0,1.0,1.0,1.0,0.9333333333333333,1.0,0.8666666666666667,1.0,1.0,1.0,0.9800000000000001,0.04268749491621898,7
188,0.0035648345947265625,0.0003846248147746942,0.0024913787841796876,0.00018723866395684775,4,3,poly,3000,1.0,1.0,1.0,1.0,0.9333333333333333,1.0,0.8666666666666667,1.0,1.0,1.0,0.9800000000000001,0.04268749491621898,7
192,0.0042609691619873045,0.0005829048520283501,0.0029296636581420898,0.00031483534832879557,4,4,rbf,1000,1.0,0.9333333333333333,1.0,1.0,0.9333333333333333,1.0,0.9333333333333333,1.0,1.0,1.0,0.9800000000000001,0.030550504633038926,7
193,0.004593276977539062,0.0008966334028728554,0.0028518199920654296,0.0002827893450412649,4,4,rbf,2000,1.0,0.9333333333333333,1.0,1.0,0.9333333333333333,1.0,0.9333333333333333,1.0,1.0,1.0,0.9800000000000001,0.030550504633038926,7
166,0.003085207939147949,0.0005027093258492253,0.0021318435668945313,0.00026494488564993954,4,1,rbf,2000,1.0,0.9333333333333333,1.0,1.0,0.9333333333333333,1.0,0.9333333333333333,1.0,1.0,1.0,0.9800000000000001,0.030550504633038926,7
138,0.0035058736801147463,0.00022915853350300293,0.002500319480895996,0.00020259579864412994,3,4,rbf,1000,1.0,0.9333333333333333,1.0,1.0,1.0,0.9333333333333333,0.9333333333333333,1.0,1.0,1.0,0.9800000000000001,0.030550504633038926,7
165,0.003164505958557129,0.00037235429404180884,0.0023280620574951173,0.0003378704409196603,4,1,rbf,1000,1.0,0.9333333333333333,1.0,1.0,0.9333333333333333,1.0,0.9333333333333333,1.0,1.0,1.0,0.9800000000000001,0.030550504633038926,7
311,0.004389286041259766,0.0008033746795095323,0.003184652328491211,0.0007354465659936458,6,5,rbf,3000,1.0,0.9333333333333333,1.0,1.0,0.9333333333333333,1.0,0.9333333333333333,1.0,1.0,1.0,0.9800000000000001,0.030550504633038926,7
91,0.0019976615905761717,0.00025523781364140654,0.0016268491744995117,0.00030939738481993524,2,5,linear,2000,1.0,1.0,1.0,1.0,0.8666666666666667,1.0,0.9333333333333333,1.0,1.0,1.0,0.9800000000000001,0.04268749491621898,7
229,0.0027406692504882814,0.00026521826338696454,0.0018680334091186524,0.00014117168339547508,5,2,rbf,2000,1.0,0.9333333333333333,1.0,1.0,0.9333333333333333,1.0,0.9333333333333333,1.0,1.0,1.0,0.9800000000000001,0.030550504633038926,7
228,0.002933764457702637,0.0007497723280153445,0.002110743522644043,0.0005674396387566126,5,2,rbf,1000,1.0,0.9333333333333333,1.0,1.0,0.9333333333333333,1.0,0.9333333333333333,1.0,1.0,1.0,0.9800000000000001,0.030550504633038926,7
224,0.0028844356536865236,0.0002572877567859253,0.0021761655807495117,0.00023072940593102926,5,1,poly,3000,1.0,0.9333333333333333,1.0,1.0,1.0,0.9333333333333333,0.9333333333333333,1.0,1.0,1.0,0.9800000000000001,0.030550504633038926,7
147,0.003054213523864746,0.00031014956581653156,0.0022582769393920898,0.00035774423692815164,3,5,rbf,1000,1.0,0.9333333333333333,1.0,1.0,1.0,0.9333333333333333,0.9333333333333333,1.0,1.0,1.0,0.9800000000000001,0.030550504633038926,7
148,0.0032711267471313477,0.000566742501533602,0.0022782087326049805,0.0004173664320876316,3,5,rbf,2000,1.0,0.9333333333333333,1.0,1.0,1.0,0.9333333333333333,0.9333333333333333,1.0,1.0,1.0,0.9800000000000001,0.030550504633038926,7
149,0.0036230564117431642,0.0005102000033539452,0.0028524160385131835,0.00040021699225911873,3,5,rbf,3000,1.0,0.9333333333333333,1.0,1.0,1.0,0.9333333333333333,0.9333333333333333,1.0,1.0,1.0,0.9800000000000001,0.030550504633038926,7
223,0.003079080581665039,0.0002546770075768794,0.0021933317184448242,0.00016103960820190724,5,1,poly,2000,1.0,0.9333333333333333,1.0,1.0,1.0,0.9333333333333333,0.9333333333333333,1.0,1.0,1.0,0.9800000000000001,0.030550504633038926,7
222,0.0031289577484130858,0.0004216834506969272,0.002311229705810547,0.00039946550183067293,5,1,poly,1000,1.0,0.9333333333333333,1.0,1.0,1.0,0.9333333333333333,0.9333333333333333,1.0,1.0,1.0,0.9800000000000001,0.030550504633038926,7
221,0.002957725524902344,0.00019258189555420059,0.0021224260330200196,0.0001767117415036322,5,1,rbf,3000,1.0,0.9333333333333333,1.0,1.0,0.9333333333333333,1.0,0.9333333333333333,1.0,1.0,1.0,0.9800000000000001,0.030550504633038926,7
220,0.003108382225036621,0.0001438013215464354,0.002199268341064453,0.00015274282874262765,5,1,rbf,2000,1.0,0.9333333333333333,1.0,1.0,0.9333333333333333,1.0,0.9333333333333333,1.0,1.0,1.0,0.9800000000000001,0.030550504633038926,7
219,0.0033215761184692385,0.00021983912668588774,0.002414846420288086,0.00017305238393803795,5,1,rbf,1000,1.0,0.9333333333333333,1.0,1.0,0.9333333333333333,1.0,0.9333333333333333,1.0,1.0,1.0,0.9800000000000001,0.030550504633038926,7
156,0.0038049936294555662,0.0006641153783391141,0.002755570411682129,0.00040801950130598254,3,6,rbf,1000,1.0,0.9333333333333333,1.0,1.0,1.0,0.9333333333333333,0.9333333333333333,1.0,1.0,1.0,0.9800000000000001,0.030550504633038926,7
157,0.0032706975936889647,0.00017304216312992153,0.0023236989974975584,0.00017802618235160869,3,6,rbf,2000,1.0,0.9333333333333333,1.0,1.0,1.0,0.9333333333333333,0.9333333333333333,1.0,1.0,1.0,0.9800000000000001,0.030550504633038926,7
158,0.003268146514892578,0.00041710479961511453,0.002347993850708008,0.00037298975187670397,3,6,rbf,3000,1.0,0.9333333333333333,1.0,1.0,1.0,0.9333333333333333,0.9333333333333333,1.0,1.0,1.0,0.9800000000000001,0.030550504633038926,7
316,0.0034227371215820312,0.0004497155620191535,0.002373147010803223,0.00022903926347758396,6,6,linear,2000,1.0,1.0,1.0,1.0,0.8666666666666667,1.0,0.9333333333333333,1.0,1.0,1.0,0.9800000000000001,0.04268749491621898,7
315,0.003864097595214844,0.0005414885884525543,0.002853703498840332,0.0006939767418187709,6,6,linear,1000,1.0,1.0,1.0,1.0,0.8666666666666667,1.0,0.9333333333333333,1.0,1.0,1.0,0.9800000000000001,0.04268749491621898,7
212,0.0035080194473266603,0.0005622537354872286,0.002553510665893555,0.000646556502371269,4,6,rbf,3000,1.0,0.9333333333333333,1.0,1.0,0.9333333333333333,1.0,0.9333333333333333,1.0,1.0,1.0,0.9800000000000001,0.030550504633038926,7
90,0.0019468069076538086,0.0001956549860907018,0.0014070987701416016,0.00017029719569764797,2,5,linear,1000,1.0,1.0,1.0,1.0,0.8666666666666667,1.0,0.9333333333333333,1.0,1.0,1.0,0.9800000000000001,0.04268749491621898,7
247,0.003089141845703125,0.0001934986387023284,0.002198481559753418,0.0002089139299621045,5,4,rbf,2000,1.0,0.9333333333333333,1.0,1.0,0.9333333333333333,1.0,0.9333333333333333,1.0,1.0,1.0,0.9800000000000001,0.030550504633038926,7
88,0.002157735824584961,0.00019954925214568306,0.0014470338821411133,9.13501058065958e-05,2,4,poly,2000,1.0,1.0,1.0,1.0,0.9333333333333333,1.0,0.8666666666666667,1.0,1.0,1.0,0.9800000000000001,0.04268749491621898,7
308,0.002795696258544922,0.00021614313587157283,0.0020564794540405273,0.00024008768080711857,6,5,linear,3000,1.0,1.0,1.0,1.0,0.8666666666666667,1.0,0.9333333333333333,1.0,1.0,1.0,0.9800000000000001,0.04268749491621898,7
309,0.003324151039123535,0.0006559285032169862,0.0029137134552001953,0.0013325314249253864,6,5,rbf,1000,1.0,0.9333333333333333,1.0,1.0,0.9333333333333333,1.0,0.9333333333333333,1.0,1.0,1.0,0.9800000000000001,0.030550504633038926,7
266,0.005570101737976074,0.0014166788838534982,0.0035872697830200196,0.0007988860890180649,5,6,rbf,3000,1.0,0.9333333333333333,1.0,1.0,0.9333333333333333,1.0,0.9333333333333333,1.0,1.0,1.0,0.9800000000000001,0.030550504633038926,7
265,0.005107951164245605,0.0011424588683831794,0.003471517562866211,0.0007076834163373115,5,6,rbf,2000,1.0,0.9333333333333333,1.0,1.0,0.9333333333333333,1.0,0.9333333333333333,1.0,1.0,1.0,0.9800000000000001,0.030550504633038926,7
264,0.004927635192871094,0.0015394401894726888,0.003682065010070801,0.0011743468097725307,5,6,rbf,1000,1.0,0.9333333333333333,1.0,1.0,0.9333333333333333,1.0,0.9333333333333333,1.0,1.0,1.0,0.9800000000000001,0.030550504633038926,7
294,0.00971531867980957,0.0015928804044610793,0.007616353034973144,0.001270162976609664,6,3,poly,1000,1.0,1.0,1.0,1.0,0.9333333333333333,1.0,0.8666666666666667,1.0,1.0,1.0,0.9800000000000001,0.04268749491621898,7
89,0.002084636688232422,0.00017419619769554702,0.001474142074584961,0.00014658004491423628,2,4,poly,3000,1.0,1.0,1.0,1.0,0.9333333333333333,1.0,0.8666666666666667,1.0,1.0,1.0,0.9800000000000001,0.04268749491621898,7
307,0.0030878305435180662,0.0003585315262692844,0.002206301689147949,0.0003253855229428886,6,5,linear,2000,1.0,1.0,1.0,1.0,0.8666666666666667,1.0,0.9333333333333333,1.0,1.0,1.0,0.9800000000000001,0.04268749491621898,7
295,0.008138537406921387,0.001084830206525357,0.006356620788574218,0.001121932011378696,6,3,poly,2000,1.0,1.0,1.0,1.0,0.9333333333333333,1.0,0.8666666666666667,1.0,1.0,1.0,0.9800000000000001,0.04268749491621898,7
310,0.004185771942138672,0.0007503293159867962,0.0029279232025146485,0.0006585656599392086,6,5,rbf,2000,1.0,0.9333333333333333,1.0,1.0,0.9333333333333333,1.0,0.9333333333333333,1.0,1.0,1.0,0.9800000000000001,0.030550504633038926,7
257,0.0026290416717529297,0.0003697257387423464,0.0018815994262695312,0.0004362777664346714,5,5,rbf,3000,1.0,0.9333333333333333,1.0,1.0,0.9333333333333333,1.0,0.9333333333333333,1.0,1.0,1.0,0.9800000000000001,0.030550504633038926,7
256,0.0025182247161865236,0.00018964605096695404,0.0017486333847045899,0.0001632875935124268,5,5,rbf,2000,1.0,0.9333333333333333,1.0,1.0,0.9333333333333333,1.0,0.9333333333333333,1.0,1.0,1.0,0.9800000000000001,0.030550504633038926,7
297,0.005140089988708496,0.0008414561090421134,0.003767657279968262,0.0002898212373940558,6,4,linear,1000,1.0,1.0,1.0,1.0,0.8666666666666667,1.0,0.9333333333333333,1.0,1.0,1.0,0.9800000000000001,0.04268749491621898,7
255,0.002490854263305664,0.00016001123990508372,0.0017643451690673828,0.00013456872629610537,5,5,rbf,1000,1.0,0.9333333333333333,1.0,1.0,0.9333333333333333,1.0,0.9333333333333333,1.0,1.0,1.0,0.9800000000000001,0.030550504633038926,7
298,0.0045272111892700195,0.0008521551721262991,0.0033919572830200194,0.0007109698910840637,6,4,linear,2000,1.0,1.0,1.0,1.0,0.8666666666666667,1.0,0.9333333333333333,1.0,1.0,1.0,0.9800000000000001,0.04268749491621898,7
299,0.004117250442504883,0.0005697249787525036,0.002894473075866699,0.00037352042916277136,6,4,linear,3000,1.0,1.0,1.0,1.0,0.8666666666666667,1.0,0.9333333333333333,1.0,1.0,1.0,0.9800000000000001,0.04268749491621898,7
296,0.005725884437561035,0.0007070204974189945,0.004170036315917969,0.0007304958526002457,6,3,poly,3000,1.0,1.0,1.0,1.0,0.9333333333333333,1.0,0.8666666666666667,1.0,1.0,1.0,0.9800000000000001,0.04268749491621898,7
289,0.005487322807312012,0.00071537142652457,0.004232025146484375,0.0007896177445259587,6,3,linear,2000,1.0,1.0,1.0,1.0,0.8666666666666667,1.0,0.9333333333333333,1.0,1.0,1.0,0.9800000000000001,0.04268749491621898,7
35,0.0029410362243652345,0.0008350869599522445,0.0019033432006835937,0.00045678019177511554,1,4,poly,3000,1.0,1.0,1.0,1.0,0.9333333333333333,1.0,0.8666666666666667,1.0,1.0,1.0,0.9800000000000001,0.04268749491621898,7
33,0.0026335716247558594,0.0006922662758775256,0.001772451400756836,0.00046218451982580787,1,4,poly,1000,1.0,1.0,1.0,1.0,0.9333333333333333,1.0,0.8666666666666667,1.0,1.0,1.0,0.9800000000000001,0.04268749491621898,7
288,0.006525611877441407,0.0012124567976609638,0.004807758331298828,0.0008813929271162446,6,3,linear,1000,1.0,1.0,1.0,1.0,0.8666666666666667,1.0,0.9333333333333333,1.0,1.0,1.0,0.9800000000000001,0.04268749491621898,7
284,0.005987429618835449,0.001163670114607689,0.004911589622497559,0.0008742626533257282,6,2,rbf,3000,1.0,0.9333333333333333,1.0,1.0,0.9333333333333333,1.0,0.9333333333333333,1.0,1.0,1.0,0.9800000000000001,0.030550504633038926,7
283,0.00591590404510498,0.0010283739637010855,0.004677581787109375,0.0015119294739373598,6,2,rbf,2000,1.0,0.9333333333333333,1.0,1.0,0.9333333333333333,1.0,0.9333333333333333,1.0,1.0,1.0,0.9800000000000001,0.030550504633038926,7
282,0.005230998992919922,0.0011974000060237802,0.0037638664245605467,0.0009099925446308539,6,2,rbf,1000,1.0,0.9333333333333333,1.0,1.0,0.9333333333333333,1.0,0.9333333333333333,1.0,1.0,1.0,0.9800000000000001,0.030550504633038926,7
281,0.004514670372009278,0.0013354211777205026,0.003517889976501465,0.0011396680485989215,6,2,linear,3000,1.0,1.0,1.0,1.0,0.8666666666666667,1.0,0.9333333333333333,1.0,1.0,1.0,0.9800000000000001,0.04268749491621898,7
280,0.004517269134521484,0.0011353813851360285,0.0034084558486938477,0.0014244087836560594,6,2,linear,2000,1.0,1.0,1.0,1.0,0.8666666666666667,1.0,0.9333333333333333,1.0,1.0,1.0,0.9800000000000001,0.04268749491621898,7
279,0.003036689758300781,0.0007541586367156137,0.0026224374771118162,0.0009503328139186983,6,2,linear,1000,1.0,1.0,1.0,1.0,0.8666666666666667,1.0,0.9333333333333333,1.0,1.0,1.0,0.9800000000000001,0.04268749491621898,7
34,0.0036809682846069337,0.0011763028021377203,0.002379775047302246,0.000691782822089947,1,4,poly,2000,1.0,1.0,1.0,1.0,0.9333333333333333,1.0,0.8666666666666667,1.0,1.0,1.0,0.9800000000000001,0.04268749491621898,7
275,0.003016543388366699,0.00026296324302725317,0.002196073532104492,0.0002936958083617699,6,1,rbf,3000,1.0,0.9333333333333333,1.0,1.0,0.9333333333333333,1.0,0.9333333333333333,1.0,1.0,1.0,0.9800000000000001,0.030550504633038926,7
292,0.010767102241516113,0.002025713411545458,0.00803215503692627,0.0013423206624047673,6,3,rbf,2000,1.0,0.9333333333333333,1.0,1.0,0.9333333333333333,1.0,0.9333333333333333,1.0,1.0,1.0,0.9800000000000001,0.030550504633038926,7
274,0.003040981292724609,0.0001866138268923427,0.0022200822830200197,0.00019005158495140635,6,1,rbf,2000,1.0,0.9333333333333333,1.0,1.0,0.9333333333333333,1.0,0.9333333333333333,1.0,1.0,1.0,0.9800000000000001,0.030550504633038926,7
273,0.0034137725830078124,0.0004782740544038458,0.002266693115234375,0.00026156667066424964,6,1,rbf,1000,1.0,0.9333333333333333,1.0,1.0,0.9333333333333333,1.0,0.9333333333333333,1.0,1.0,1.0,0.9800000000000001,0.030550504633038926,7
272,0.0032761812210083006,0.00028695254446877626,0.0024930715560913088,0.000493117672823562,6,1,linear,3000,1.0,1.0,1.0,1.0,0.8666666666666667,1.0,0.9333333333333333,1.0,1.0,1.0,0.9800000000000001,0.04268749491621898,7
271,0.0030404329299926758,0.0002701096105331326,0.0023090362548828123,0.00046827003787863595,6,1,linear,2000,1.0,1.0,1.0,1.0,0.8666666666666667,1.0,0.9333333333333333,1.0,1.0,1.0,0.9800000000000001,0.04268749491621898,7
270,0.0031568050384521485,0.0004921325888964424,0.002342677116394043,0.00028039067862860816,6,1,linear,1000,1.0,1.0,1.0,1.0,0.8666666666666667,1.0,0.9333333333333333,1.0,1.0,1.0,0.9800000000000001,0.04268749491621898,7
293,0.00852360725402832,0.0010608664490426396,0.005621647834777832,0.000581370214313968,6,3,rbf,3000,1.0,0.9333333333333333,1.0,1.0,0.9333333333333333,1.0,0.9333333333333333,1.0,1.0,1.0,0.9800000000000001,0.030550504633038926,7
291,0.008101820945739746,0.0012501922650265,0.006401205062866211,0.0008573611943845958,6,3,rbf,1000,1.0,0.9333333333333333,1.0,1.0,0.9333333333333333,1.0,0.9333333333333333,1.0,1.0,1.0,0.9800000000000001,0.030550504633038926,7
319,0.00308687686920166,0.00025941243143412225,0.002350616455078125,0.0002645257906418975,6,6,rbf,2000,1.0,0.9333333333333333,1.0,1.0,0.9333333333333333,1.0,0.9333333333333333,1.0,1.0,1.0,0.9800000000000001,0.030550504633038926,7
320,0.0031899213790893555,0.000303294508528235,0.0023933887481689454,0.0003493025061584077,6,6,rbf,3000,1.0,0.9333333333333333,1.0,1.0,0.9333333333333333,1.0,0.9333333333333333,1.0,1.0,1.0,0.9800000000000001,0.030550504633038926,7
301,0.003438735008239746,0.0003548477585938821,0.0025241613388061524,0.000403333358563437,6,4,rbf,2000,1.0,0.9333333333333333,1.0,1.0,0.9333333333333333,1.0,0.9333333333333333,1.0,1.0,1.0,0.9800000000000001,0.030550504633038926,7
72,0.00238955020904541,0.0005059923892117819,0.002037501335144043,0.0008589809833617273,2,3,linear,1000,1.0,1.0,1.0,1.0,0.8666666666666667,1.0,0.9333333333333333,1.0,1.0,1.0,0.9800000000000001,0.04268749491621898,7
73,0.0024534940719604494,0.0005321674238408419,0.0017492055892944336,0.00047068711641436156,2,3,linear,2000,1.0,1.0,1.0,1.0,0.8666666666666667,1.0,0.9333333333333333,1.0,1.0,1.0,0.9800000000000001,0.04268749491621898,7
74,0.0026705026626586913,0.000940300094454746,0.0018375873565673827,0.0006497091693157312,2,3,linear,3000,1.0,1.0,1.0,1.0,0.8666666666666667,1.0,0.9333333333333333,1.0,1.0,1.0,0.9800000000000001,0.04268749491621898,7
75,0.002400064468383789,0.000493163885548679,0.0016655683517456054,0.00029666745698306464,2,3,rbf,1000,1.0,0.9333333333333333,1.0,1.0,1.0,0.9333333333333333,0.9333333333333333,1.0,1.0,1.0,0.9800000000000001,0.030550504633038926,7
76,0.0020860910415649416,0.00019928564746751678,0.0016315221786499024,0.00037513037822278723,2,3,rbf,2000,1.0,0.9333333333333333,1.0,1.0,1.0,0.9333333333333333,0.9333333333333333,1.0,1.0,1.0,0.9800000000000001,0.030550504633038926,7
77,0.0021883249282836914,0.00022665628725350098,0.001764202117919922,0.0004459150046676125,2,3,rbf,3000,1.0,0.9333333333333333,1.0,1.0,1.0,0.9333333333333333,0.9333333333333333,1.0,1.0,1.0,0.9800000000000001,0.030550504633038926,7
78,0.0027580022811889648,0.001036520446825351,0.0015760421752929687,0.00024082212559135878,2,3,poly,1000,1.0,0.9333333333333333,1.0,1.0,0.9333333333333333,1.0,0.9333333333333333,1.0,1.0,1.0,0.9800000000000001,0.030550504633038926,7
300,0.0037498950958251955,0.0004971344660963541,0.0027002334594726563,0.00046398000351106076,6,4,rbf,1000,1.0,0.9333333333333333,1.0,1.0,0.9333333333333333,1.0,0.9333333333333333,1.0,1.0,1.0,0.9800000000000001,0.030550504633038926,7
79,0.0032379150390625,0.0013175614643784832,0.002258563041687012,0.0006806228717029289,2,3,poly,2000,1.0,0.9333333333333333,1.0,1.0,0.9333333333333333,1.0,0.9333333333333333,1.0,1.0,1.0,0.9800000000000001,0.030550504633038926,7
81,0.0044746875762939455,0.0016864897276259662,0.0026622772216796874,0.001069343858645579,2,4,linear,1000,1.0,1.0,1.0,1.0,0.8666666666666667,1.0,0.9333333333333333,1.0,1.0,1.0,0.9800000000000001,0.04268749491621898,7
82,0.00393216609954834,0.0015918424052311182,0.0023645401000976563,0.0005730495294201244,2,4,linear,2000,1.0,1.0,1.0,1.0,0.8666666666666667,1.0,0.9333333333333333,1.0,1.0,1.0,0.9800000000000001,0.04268749491621898,7
83,0.003021550178527832,0.0009477763308317229,0.002392482757568359,0.0009638085601196456,2,4,linear,3000,1.0,1.0,1.0,1.0,0.8666666666666667,1.0,0.9333333333333333,1.0,1.0,1.0,0.9800000000000001,0.04268749491621898,7
84,0.0030376672744750976,0.0007419063086475518,0.002372431755065918,0.0011504256084150927,2,4,rbf,1000,1.0,0.9333333333333333,1.0,1.0,1.0,0.9333333333333333,0.9333333333333333,1.0,1.0,1.0,0.9800000000000001,0.030550504633038926,7
85,0.002526736259460449,0.0005633914308622513,0.0016807317733764648,0.0002480251931360168,2,4,rbf,2000,1.0,0.9333333333333333,1.0,1.0,1.0,0.9333333333333333,0.9333333333333333,1.0,1.0,1.0,0.9800000000000001,0.030550504633038926,7
86,0.0022088050842285155,0.0003636385179499169,0.001509714126586914,0.00016311636001175553,2,4,rbf,3000,1.0,0.9333333333333333,1.0,1.0,1.0,0.9333333333333333,0.9333333333333333,1.0,1.0,1.0,0.9800000000000001,0.030550504633038926,7
87,0.002101230621337891,0.00011587926853805301,0.001503157615661621,0.0001713063970532361,2,4,poly,1000,1.0,1.0,1.0,1.0,0.9333333333333333,1.0,0.8666666666666667,1.0,1.0,1.0,0.9800000000000001,0.04268749491621898,7
80,0.0031296491622924806,0.001046744910236302,0.0021349430084228516,0.0006321362890503919,2,3,poly,3000,1.0,0.9333333333333333,1.0,1.0,0.9333333333333333,1.0,0.9333333333333333,1.0,1.0,1.0,0.9800000000000001,0.030550504633038926,7
70,0.0026317834854125977,0.0010098242616135907,0.0016844511032104493,0.000345651465108582,2,2,poly,2000,1.0,0.9333333333333333,1.0,1.0,0.9333333333333333,1.0,0.9333333333333333,1.0,1.0,1.0,0.9800000000000001,0.030550504633038926,7
71,0.002551698684692383,0.000786981233569982,0.0018291234970092773,0.00041732625521307483,2,2,poly,3000,1.0,0.9333333333333333,1.0,1.0,0.9333333333333333,1.0,0.9333333333333333,1.0,1.0,1.0,0.9800000000000001,0.030550504633038926,7
68,0.0025747537612915037,0.00048335845833137527,0.0020565032958984376,0.0005503207907293105,2,2,rbf,3000,1.0,0.9333333333333333,1.0,1.0,1.0,0.9333333333333333,0.9333333333333333,1.0,1.0,1.0,0.9800000000000001,0.030550504633038926,7
54,0.002016139030456543,0.000229469306587392,0.0015134096145629882,0.0002133754123530351,2,1,linear,1000,1.0,1.0,1.0,1.0,0.8666666666666667,1.0,0.9333333333333333,1.0,1.0,1.0,0.9800000000000001,0.04268749491621898,7
55,0.0022750139236450196,0.0003637575388990694,0.0016021251678466797,0.00044169707803404587,2,1,linear,2000,1.0,1.0,1.0,1.0,0.8666666666666667,1.0,0.9333333333333333,1.0,1.0,1.0,0.9800000000000001,0.04268749491621898,7
56,0.002766108512878418,0.0006053078153919504,0.00224452018737793,0.0006629538863222843,2,1,linear,3000,1.0,1.0,1.0,1.0,0.8666666666666667,1.0,0.9333333333333333,1.0,1.0,1.0,0.9800000000000001,0.04268749491621898,7
57,0.002495598793029785,0.0004796287722691868,0.0018803834915161132,0.0004297273090474748,2,1,rbf,1000,1.0,0.9333333333333333,1.0,1.0,1.0,0.9333333333333333,0.9333333333333333,1.0,1.0,1.0,0.9800000000000001,0.030550504633038926,7
58,0.002268052101135254,0.0005586407949844551,0.0014423847198486329,0.0002709245434603307,2,1,rbf,2000,1.0,0.9333333333333333,1.0,1.0,1.0,0.9333333333333333,0.9333333333333333,1.0,1.0,1.0,0.9800000000000001,0.030550504633038926,7
59,0.0019087553024291991,0.00026935622051707395,0.001304960250854492,0.00011978298424747576,2,1,rbf,3000,1.0,0.9333333333333333,1.0,1.0,1.0,0.9333333333333333,0.9333333333333333,1.0,1.0,1.0,0.9800000000000001,0.030550504633038926,7
302,0.003568148612976074,0.0006374379699065745,0.0025025606155395508,0.0004328900721881833,6,4,rbf,3000,1.0,0.9333333333333333,1.0,1.0,0.9333333333333333,1.0,0.9333333333333333,1.0,1.0,1.0,0.9800000000000001,0.030550504633038926,7
69,0.0025262832641601562,0.0005260493268585582,0.0019575834274291994,0.0005438248042358536,2,2,poly,1000,1.0,0.9333333333333333,1.0,1.0,0.9333333333333333,1.0,0.9333333333333333,1.0,1.0,1.0,0.9800000000000001,0.030550504633038926,7
63,0.0018831014633178711,0.00017234642541053818,0.0014124870300292968,0.00016313912835816356,2,2,linear,1000,1.0,1.0,1.0,1.0,0.8666666666666667,1.0,0.9333333333333333,1.0,1.0,1.0,0.9800000000000001,0.04268749491621898,7
290,0.008641934394836426,0.001519933735826624,0.006025958061218262,0.0009018490837114312,6,3,linear,3000,1.0,1.0,1.0,1.0,0.8666666666666667,1.0,0.9333333333333333,1.0,1.0,1.0,0.9800000000000001,0.04268749491621898,7
65,0.0023112773895263674,0.0002691316992819035,0.001824951171875,0.0003104505290496031,2,2,linear,3000,1.0,1.0,1.0,1.0,0.8666666666666667,1.0,0.9333333333333333,1.0,1.0,1.0,0.9800000000000001,0.04268749491621898,7
66,0.0025311708450317383,0.0007066358288501056,0.001733541488647461,0.0003661455217686173,2,2,rbf,1000,1.0,0.9333333333333333,1.0,1.0,1.0,0.9333333333333333,0.9333333333333333,1.0,1.0,1.0,0.9800000000000001,0.030550504633038926,7
67,0.002524113655090332,0.00048124502222249873,0.0019312620162963868,0.0004617473007699204,2,2,rbf,2000,1.0,0.9333333333333333,1.0,1.0,1.0,0.9333333333333333,0.9333333333333333,1.0,1.0,1.0,0.9800000000000001,0.030550504633038926,7
64,0.002061772346496582,0.00037846181122473156,0.00157012939453125,0.00035857102005817693,2,2,linear,2000,1.0,1.0,1.0,1.0,0.8666666666666667,1.0,0.9333333333333333,1.0,1.0,1.0,0.9800000000000001,0.04268749491621898,7
199,0.0032926082611083986,0.000374019692903096,0.0024876117706298826,0.000374691736303856,4,5,linear,2000,1.0,1.0,1.0,1.0,0.8666666666666667,0.9333333333333333,0.9333333333333333,1.0,1.0,1.0,0.9733333333333334,0.04422166387140532,166
207,0.0029047727584838867,0.0003702776435684118,0.0020985841751098634,0.00022629288025243123,4,6,linear,1000,1.0,1.0,1.0,1.0,0.8666666666666667,0.9333333333333333,0.9333333333333333,1.0,1.0,1.0,0.9733333333333334,0.04422166387140532,166
304,0.003469371795654297,0.0003208038389276223,0.002262735366821289,0.0002316909062662947,6,4,poly,2000,1.0,1.0,1.0,1.0,0.9333333333333333,0.9333333333333333,0.8666666666666667,1.0,1.0,1.0,0.9733333333333334,0.04422166387140532,166
200,0.003133344650268555,0.00045616007853856416,0.0025202035903930664,0.0004615957976284312,4,5,linear,3000,1.0,1.0,1.0,1.0,0.8666666666666667,0.9333333333333333,0.9333333333333333,1.0,1.0,1.0,0.9733333333333334,0.04422166387140532,166
208,0.0029449224472045898,0.00026469701493222315,0.0022979736328125,0.00046008356910240796,4,6,linear,2000,1.0,1.0,1.0,1.0,0.8666666666666667,0.9333333333333333,0.9333333333333333,1.0,1.0,1.0,0.9733333333333334,0.04422166387140532,166
303,0.003522944450378418,0.0004058114650707931,0.002467179298400879,0.00028397641424595684,6,4,poly,1000,1.0,1.0,1.0,1.0,0.9333333333333333,0.9333333333333333,0.8666666666666667,1.0,1.0,1.0,0.9733333333333334,0.04422166387140532,166
197,0.004256987571716308,0.0007341190093755993,0.00282135009765625,0.0004310486088145368,4,4,poly,3000,1.0,1.0,1.0,1.0,0.9333333333333333,0.9333333333333333,0.8666666666666667,1.0,1.0,1.0,0.9733333333333334,0.04422166387140532,166
198,0.0036252498626708984,0.0006096194410023781,0.0026210546493530273,0.0005006992500621669,4,5,linear,1000,1.0,1.0,1.0,1.0,0.8666666666666667,0.9333333333333333,0.9333333333333333,1.0,1.0,1.0,0.9733333333333334,0.04422166387140532,166
263,0.003223276138305664,0.0006707855111366433,0.0024966955184936523,0.0006344707270842134,5,6,linear,3000,1.0,1.0,1.0,1.0,0.8666666666666667,0.9333333333333333,0.9333333333333333,1.0,1.0,1.0,0.9733333333333334,0.04422166387140532,166
216,0.0043685674667358395,0.001230859334598171,0.0028050899505615234,0.0003650585560341713,5,1,linear,1000,1.0,1.0,1.0,1.0,0.8666666666666667,0.9333333333333333,0.9333333333333333,1.0,1.0,1.0,0.9733333333333334,0.04422166387140532,166
245,0.0030779600143432616,0.0004411701208008655,0.002286481857299805,0.0004298817600332847,5,4,linear,3000,1.0,1.0,1.0,1.0,0.8666666666666667,0.9333333333333333,0.9333333333333333,1.0,1.0,1.0,0.9733333333333334,0.04422166387140532,166
244,0.003038978576660156,0.00014578921616579897,0.002222895622253418,0.00014298172100486083,5,4,linear,2000,1.0,1.0,1.0,1.0,0.8666666666666667,0.9333333333333333,0.9333333333333333,1.0,1.0,1.0,0.9733333333333334,0.04422166387140532,166
243,0.0035172224044799803,0.0011555206328987548,0.0023960590362548826,0.0003840836258179413,5,4,linear,1000,1.0,1.0,1.0,1.0,0.8666666666666667,0.9333333333333333,0.9333333333333333,1.0,1.0,1.0,0.9733333333333334,0.04422166387140532,166
249,0.003027677536010742,0.00017347421666877124,0.002125406265258789,0.00017721074810935175,5,4,poly,1000,1.0,1.0,1.0,1.0,0.9333333333333333,0.9333333333333333,0.8666666666666667,1.0,1.0,1.0,0.9733333333333334,0.04422166387140532,166
250,0.00302271842956543,0.00023782522276501796,0.0019921064376831055,0.00019171348244594432,5,4,poly,2000,1.0,1.0,1.0,1.0,0.9333333333333333,0.9333333333333333,0.8666666666666667,1.0,1.0,1.0,0.9733333333333334,0.04422166387140532,166
251,0.0029476165771484377,0.00025308849887850117,0.001884794235229492,0.000133613490053616,5,4,poly,3000,1.0,1.0,1.0,1.0,0.9333333333333333,0.9333333333333333,0.8666666666666667,1.0,1.0,1.0,0.9733333333333334,0.04422166387140532,166
236,0.0023934125900268556,0.00016602186809936296,0.001849222183227539,0.0003120591882155944,5,3,linear,3000,1.0,1.0,1.0,1.0,0.8666666666666667,0.9333333333333333,0.9333333333333333,1.0,1.0,1.0,0.9733333333333334,0.04422166387140532,166
252,0.002638411521911621,0.0003217292437190764,0.0019811391830444336,0.00024544428470268866,5,5,linear,1000,1.0,1.0,1.0,1.0,0.8666666666666667,0.9333333333333333,0.9333333333333333,1.0,1.0,1.0,0.9733333333333334,0.04422166387140532,166
253,0.002977871894836426,0.00075655490116968,0.0019388437271118165,0.00025270829626177226,5,5,linear,2000,1.0,1.0,1.0,1.0,0.8666666666666667,0.9333333333333333,0.9333333333333333,1.0,1.0,1.0,0.9733333333333334,0.04422166387140532,166
254,0.0024843692779541017,0.00021763364015121156,0.0017685413360595704,0.00018597321009115457,5,5,linear,3000,1.0,1.0,1.0,1.0,0.8666666666666667,0.9333333333333333,0.9333333333333333,1.0,1.0,1.0,0.9733333333333334,0.04422166387140532,166
235,0.0024884700775146484,0.00018262972719346938,0.0017746448516845702,0.00013269801543660604,5,3,linear,2000,1.0,1.0,1.0,1.0,0.8666666666666667,0.9333333333333333,0.9333333333333333,1.0,1.0,1.0,0.9733333333333334,0.04422166387140532,166
234,0.002462172508239746,0.0002402876180530009,0.0017084360122680664,0.00012451162570901393,5,3,linear,1000,1.0,1.0,1.0,1.0,0.8666666666666667,0.9333333333333333,0.9333333333333333,1.0,1.0,1.0,0.9733333333333334,0.04422166387140532,166
261,0.003676629066467285,0.001111142657576005,0.002753281593322754,0.0007646411339936445,5,6,linear,1000,1.0,1.0,1.0,1.0,0.8666666666666667,0.9333333333333333,0.9333333333333333,1.0,1.0,1.0,0.9733333333333334,0.04422166387140532,166
262,0.0040891170501708984,0.0010384990424575158,0.003034162521362305,0.0006858241596190942,5,6,linear,2000,1.0,1.0,1.0,1.0,0.8666666666666667,0.9333333333333333,0.9333333333333333,1.0,1.0,1.0,0.9733333333333334,0.04422166387140532,166
227,0.0030189990997314454,0.0005286480718790084,0.002013087272644043,0.00020456459277200188,5,2,linear,3000,1.0,1.0,1.0,1.0,0.8666666666666667,0.9333333333333333,0.9333333333333333,1.0,1.0,1.0,0.9733333333333334,0.04422166387140532,166
226,0.002622699737548828,0.0001739006615057338,0.001958155632019043,0.00015836369545312284,5,2,linear,2000,1.0,1.0,1.0,1.0,0.8666666666666667,0.9333333333333333,0.9333333333333333,1.0,1.0,1.0,0.9733333333333334,0.04422166387140532,166
225,0.002663111686706543,0.00014228378353258234,0.0019580364227294923,0.00011846708033393127,5,2,linear,1000,1.0,1.0,1.0,1.0,0.8666666666666667,0.9333333333333333,0.9333333333333333,1.0,1.0,1.0,0.9733333333333334,0.04422166387140532,166
218,0.004703927040100098,0.001396089569725017,0.003064894676208496,0.0006021519802479321,5,1,linear,3000,1.0,1.0,1.0,1.0,0.8666666666666667,0.9333333333333333,0.9333333333333333,1.0,1.0,1.0,0.9733333333333334,0.04422166387140532,166
217,0.003519916534423828,0.0005556016167292561,0.002881026268005371,0.0006943481307298159,5,1,linear,2000,1.0,1.0,1.0,1.0,0.8666666666666667,0.9333333333333333,0.9333333333333333,1.0,1.0,1.0,0.9733333333333334,0.04422166387140532,166
209,0.0028787851333618164,0.0003652232301471667,0.0021077394485473633,0.0003316676879554432,4,6,linear,3000,1.0,1.0,1.0,1.0,0.8666666666666667,0.9333333333333333,0.9333333333333333,1.0,1.0,1.0,0.9733333333333334,0.04422166387140532,166
196,0.004703831672668457,0.0007075044885793224,0.003065800666809082,0.0005326192770094881,4,4,poly,2000,1.0,1.0,1.0,1.0,0.9333333333333333,0.9333333333333333,0.8666666666666667,1.0,1.0,1.0,0.9733333333333334,0.04422166387140532,166
0,0.0028822898864746095,0.0013593560927610882,0.0017012596130371095,0.0004549123854964688,1,1,linear,1000,1.0,0.9333333333333333,1.0,1.0,0.8666666666666667,1.0,0.9333333333333333,1.0,1.0,1.0,0.9733333333333334,0.04422166387140532,166
191,0.0042637109756469725,0.00044749931428638367,0.0033351659774780275,0.0005845660188444836,4,4,linear,3000,1.0,1.0,1.0,1.0,0.8666666666666667,0.9333333333333333,0.9333333333333333,1.0,1.0,1.0,0.9733333333333334,0.04422166387140532,166
31,0.0022451162338256838,0.0001583471329922868,0.0015430927276611328,0.0002165517197161023,1,4,rbf,2000,1.0,0.9333333333333333,1.0,1.0,1.0,0.9333333333333333,0.9333333333333333,0.9333333333333333,1.0,1.0,0.9733333333333334,0.03265986323710904,166
32,0.002181696891784668,0.0002958593979718414,0.00148465633392334,0.00011247857061132162,1,4,rbf,3000,1.0,0.9333333333333333,1.0,1.0,1.0,0.9333333333333333,0.9333333333333333,0.9333333333333333,1.0,1.0,0.9733333333333334,0.03265986323710904,166
36,0.0026342391967773436,0.0005856530477254882,0.002226519584655762,0.0008927839574509997,1,5,linear,1000,1.0,0.9333333333333333,1.0,1.0,0.8666666666666667,1.0,0.9333333333333333,1.0,1.0,1.0,0.9733333333333334,0.04422166387140532,166
37,0.0029415607452392576,0.000818307038085565,0.0022544384002685545,0.0009180160487725584,1,5,linear,2000,1.0,0.9333333333333333,1.0,1.0,0.8666666666666667,1.0,0.9333333333333333,1.0,1.0,1.0,0.9733333333333334,0.04422166387140532,166
38,0.003282928466796875,0.0010361437151946303,0.0022108078002929686,0.0005750019598126662,1,5,linear,3000,1.0,0.9333333333333333,1.0,1.0,0.8666666666666667,1.0,0.9333333333333333,1.0,1.0,1.0,0.9733333333333334,0.04422166387140532,166
39,0.003231501579284668,0.0005084073408136525,0.002174568176269531,0.0005285678901027894,1,5,rbf,1000,1.0,0.9333333333333333,1.0,1.0,1.0,0.9333333333333333,0.9333333333333333,0.9333333333333333,1.0,1.0,0.9733333333333334,0.03265986323710904,166
40,0.0034577369689941405,0.0019975235609476037,0.002336430549621582,0.0006492167595176615,1,5,rbf,2000,1.0,0.9333333333333333,1.0,1.0,1.0,0.9333333333333333,0.9333333333333333,0.9333333333333333,1.0,1.0,0.9733333333333334,0.03265986323710904,166
41,0.0026875972747802735,0.0006914335626233966,0.002406191825866699,0.0007573196969768548,1,5,rbf,3000,1.0,0.9333333333333333,1.0,1.0,1.0,0.9333333333333333,0.9333333333333333,0.9333333333333333,1.0,1.0,0.9733333333333334,0.03265986323710904,166
42,0.002311420440673828,0.00025168901643166417,0.001550602912902832,0.00022814585278673797,1,5,poly,1000,1.0,1.0,1.0,1.0,0.9333333333333333,0.9333333333333333,0.8666666666666667,1.0,1.0,1.0,0.9733333333333334,0.04422166387140532,166
43,0.0023601293563842774,0.0003228200318340861,0.001506638526916504,0.0002344260193310559,1,5,poly,2000,1.0,1.0,1.0,1.0,0.9333333333333333,0.9333333333333333,0.8666666666666667,1.0,1.0,1.0,0.9733333333333334,0.04422166387140532,166
44,0.002567028999328613,0.0005607851244626319,0.0015474081039428711,0.0001734167671092544,1,5,poly,3000,1.0,1.0,1.0,1.0,0.9333333333333333,0.9333333333333333,0.8666666666666667,1.0,1.0,1.0,0.9733333333333334,0.04422166387140532,166
45,0.002380084991455078,0.0006014390552254434,0.0016303539276123046,0.0004057670558499973,1,6,linear,1000,1.0,0.9333333333333333,1.0,1.0,0.8666666666666667,1.0,0.9333333333333333,1.0,1.0,1.0,0.9733333333333334,0.04422166387140532,166
46,0.0022126436233520508,0.00040820926332878747,0.0016119718551635743,0.00041265824125142394,1,6,linear,2000,1.0,0.9333333333333333,1.0,1.0,0.8666666666666667,1.0,0.9333333333333333,1.0,1.0,1.0,0.9733333333333334,0.04422166387140532,166
47,0.002473926544189453,0.00056442321523101,0.0016369104385375976,0.00022413750910113228,1,6,linear,3000,1.0,0.9333333333333333,1.0,1.0,0.8666666666666667,1.0,0.9333333333333333,1.0,1.0,1.0,0.9733333333333334,0.04422166387140532,166
48,0.0022412776947021485,0.0002651467842933243,0.0016503095626831054,0.0003153529018830389,1,6,rbf,1000,1.0,0.9333333333333333,1.0,1.0,1.0,0.9333333333333333,0.9333333333333333,0.9333333333333333,1.0,1.0,0.9733333333333334,0.03265986323710904,166
49,0.0022042036056518556,0.0002029388484533525,0.0017113685607910156,0.0006120825135354852,1,6,rbf,2000,1.0,0.9333333333333333,1.0,1.0,1.0,0.9333333333333333,0.9333333333333333,0.9333333333333333,1.0,1.0,0.9733333333333334,0.03265986323710904,166
50,0.002140045166015625,0.0002407898049596771,0.0015958547592163086,0.0003655488244021554,1,6,rbf,3000,1.0,0.9333333333333333,1.0,1.0,1.0,0.9333333333333333,0.9333333333333333,0.9333333333333333,1.0,1.0,0.9733333333333334,0.03265986323710904,166
195,0.005029726028442383,0.0004390423827724921,0.0035321712493896484,0.0007239602669295035,4,4,poly,1000,1.0,1.0,1.0,1.0,0.9333333333333333,0.9333333333333333,0.8666666666666667,1.0,1.0,1.0,0.9733333333333334,0.04422166387140532,166
61,0.0019195556640625,0.00014268497650207933,0.0013767242431640624,0.00013402000980453378,2,1,poly,2000,1.0,0.9333333333333333,1.0,1.0,1.0,0.9333333333333333,0.9333333333333333,0.9333333333333333,1.0,1.0,0.9733333333333334,0.03265986323710904,166
30,0.002182316780090332,0.0002671967142432596,0.0015604019165039063,0.00018414312013339875,1,4,rbf,1000,1.0,0.9333333333333333,1.0,1.0,1.0,0.9333333333333333,0.9333333333333333,0.9333333333333333,1.0,1.0,0.9733333333333334,0.03265986323710904,166
29,0.002287483215332031,0.0007519152464916235,0.0015996932983398438,0.0003796391553239412,1,4,linear,3000,1.0,0.9333333333333333,1.0,1.0,0.8666666666666667,1.0,0.9333333333333333,1.0,1.0,1.0,0.9733333333333334,0.04422166387140532,166
28,0.0020743846893310548,0.0003115199489095944,0.0014921665191650391,0.00013290000797417043,1,4,linear,2000,1.0,0.9333333333333333,1.0,1.0,0.8666666666666667,1.0,0.9333333333333333,1.0,1.0,1.0,0.9733333333333334,0.04422166387140532,166
27,0.002032160758972168,0.00016840040278581837,0.0014882802963256836,0.00015009247922986106,1,4,linear,1000,1.0,0.9333333333333333,1.0,1.0,0.8666666666666667,1.0,0.9333333333333333,1.0,1.0,1.0,0.9733333333333334,0.04422166387140532,166
1,0.0028434038162231446,0.0009646104126040397,0.0019014358520507812,0.0007665374287075198,1,1,linear,2000,1.0,0.9333333333333333,1.0,1.0,0.8666666666666667,1.0,0.9333333333333333,1.0,1.0,1.0,0.9733333333333334,0.04422166387140532,166
2,0.003039836883544922,0.0010218053943124939,0.002080202102661133,0.0008025650940973523,1,1,linear,3000,1.0,0.9333333333333333,1.0,1.0,0.8666666666666667,1.0,0.9333333333333333,1.0,1.0,1.0,0.9733333333333334,0.04422166387140532,166
3,0.002622675895690918,0.000560172222600672,0.0019735097885131836,0.0007166362889865613,1,1,rbf,1000,1.0,0.9333333333333333,1.0,1.0,1.0,0.9333333333333333,0.9333333333333333,0.9333333333333333,1.0,1.0,0.9733333333333334,0.03265986323710904,166
4,0.0030274152755737304,0.0011666748763592704,0.001845383644104004,0.000349144980673027,1,1,rbf,2000,1.0,0.9333333333333333,1.0,1.0,1.0,0.9333333333333333,0.9333333333333333,0.9333333333333333,1.0,1.0,0.9733333333333334,0.03265986323710904,166
5,0.0029237985610961912,0.0007616272165206453,0.002039480209350586,0.0004712863516316459,1,1,rbf,3000,1.0,0.9333333333333333,1.0,1.0,1.0,0.9333333333333333,0.9333333333333333,0.9333333333333333,1.0,1.0,0.9733333333333334,0.03265986323710904,166
9,0.0025455713272094726,0.0005053154468394886,0.0019053936004638672,0.0006606537251942221,1,2,linear,1000,1.0,0.9333333333333333,1.0,1.0,0.8666666666666667,1.0,0.9333333333333333,1.0,1.0,1.0,0.9733333333333334,0.04422166387140532,166
10,0.0021165847778320313,0.0002907759715541971,0.0014913320541381837,0.0002145949581131799,1,2,linear,2000,1.0,0.9333333333333333,1.0,1.0,0.8666666666666667,1.0,0.9333333333333333,1.0,1.0,1.0,0.9733333333333334,0.04422166387140532,166
11,0.0020740270614624024,0.00022442219272982472,0.0015099525451660156,0.0002747445914387866,1,2,linear,3000,1.0,0.9333333333333333,1.0,1.0,0.8666666666666667,1.0,0.9333333333333333,1.0,1.0,1.0,0.9733333333333334,0.04422166387140532,166
12,0.00226593017578125,0.00022240967594972273,0.0015869140625,0.0001941410150742306,1,2,rbf,1000,1.0,0.9333333333333333,1.0,1.0,1.0,0.9333333333333333,0.9333333333333333,0.9333333333333333,1.0,1.0,0.9733333333333334,0.03265986323710904,166
62,0.001948714256286621,0.00028713511270225616,0.001398468017578125,0.0001587135558534533,2,1,poly,3000,1.0,0.9333333333333333,1.0,1.0,1.0,0.9333333333333333,0.9333333333333333,0.9333333333333333,1.0,1.0,0.9733333333333334,0.03265986323710904,166
13,0.002185201644897461,0.00016916520484358977,0.0015388250350952149,0.00020747156944291335,1,2,rbf,2000,1.0,0.9333333333333333,1.0,1.0,1.0,0.9333333333333333,0.9333333333333333,0.9333333333333333,1.0,1.0,0.9733333333333334,0.03265986323710904,166
15,0.0022602319717407227,0.00048107388690388274,0.0015108108520507813,0.00021569352917785798,1,2,poly,1000,1.0,0.9333333333333333,1.0,1.0,0.9333333333333333,1.0,0.9333333333333333,0.9333333333333333,1.0,1.0,0.9733333333333334,0.03265986323710904,166
16,0.0020386934280395507,0.00014278520062462405,0.001487588882446289,0.0001630644067338236,1,2,poly,2000,1.0,0.9333333333333333,1.0,1.0,0.9333333333333333,1.0,0.9333333333333333,0.9333333333333333,1.0,1.0,0.9733333333333334,0.03265986323710904,166
17,0.0020463228225708007,0.0001738898498474657,0.0015269756317138673,0.0003182776088389115,1,2,poly,3000,1.0,0.9333333333333333,1.0,1.0,0.9333333333333333,1.0,0.9333333333333333,0.9333333333333333,1.0,1.0,0.9733333333333334,0.03265986323710904,166
18,0.0021268844604492186,0.00030355684942860587,0.0013985633850097656,9.013956649854179e-05,1,3,linear,1000,1.0,0.9333333333333333,1.0,1.0,0.8666666666666667,1.0,0.9333333333333333,1.0,1.0,1.0,0.9733333333333334,0.04422166387140532,166
19,0.002144742012023926,0.0005076724466887055,0.001785111427307129,0.0009127391517188798,1,3,linear,2000,1.0,0.9333333333333333,1.0,1.0,0.8666666666666667,1.0,0.9333333333333333,1.0,1.0,1.0,0.9733333333333334,0.04422166387140532,166
20,0.0019333362579345703,0.00019776584728453653,0.001468491554260254,0.00016370046217061804,1,3,linear,3000,1.0,0.9333333333333333,1.0,1.0,0.8666666666666667,1.0,0.9333333333333333,1.0,1.0,1.0,0.9733333333333334,0.04422166387140532,166
21,0.0022109270095825194,0.0002258283123808372,0.0015838623046875,0.00021793142645938797,1,3,rbf,1000,1.0,0.9333333333333333,1.0,1.0,1.0,0.9333333333333333,0.9333333333333333,0.9333333333333333,1.0,1.0,0.9733333333333334,0.03265986323710904,166
22,0.0021301031112670897,0.00011936792547377925,0.0015087604522705078,0.0001796578456696088,1,3,rbf,2000,1.0,0.9333333333333333,1.0,1.0,1.0,0.9333333333333333,0.9333333333333333,0.9333333333333333,1.0,1.0,0.9733333333333334,0.03265986323710904,166
23,0.002188873291015625,0.0002376412307694177,0.0015130281448364259,0.00021646097376165852,1,3,rbf,3000,1.0,0.9333333333333333,1.0,1.0,1.0,0.9333333333333333,0.9333333333333333,0.9333333333333333,1.0,1.0,0.9733333333333334,0.03265986323710904,166
14,0.0021116256713867186,0.00014076414630461245,0.0015309572219848633,0.00020202935533217083,1,2,rbf,3000,1.0,0.9333333333333333,1.0,1.0,1.0,0.9333333333333333,0.9333333333333333,0.9333333333333333,1.0,1.0,0.9733333333333334,0.03265986323710904,166
108,0.0022441387176513673,0.00032798089248115394,0.0017761945724487304,0.0003407976794744692,3,1,linear,1000,1.0,1.0,1.0,1.0,0.8666666666666667,0.9333333333333333,0.9333333333333333,1.0,1.0,1.0,0.9733333333333334,0.04422166387140532,166
60,0.00194857120513916,0.00014954765986090036,0.0014255285263061524,0.00022500273749942175,2,1,poly,1000,1.0,0.9333333333333333,1.0,1.0,1.0,0.9333333333333333,0.9333333333333333,0.9333333333333333,1.0,1.0,0.9733333333333334,0.03265986323710904,166
110,0.0023112058639526366,0.0006526302054994585,0.0015123844146728515,0.00020462665927754327,3,1,linear,3000,1.0,1.0,1.0,1.0,0.8666666666666667,0.9333333333333333,0.9333333333333333,1.0,1.0,1.0,0.9733333333333334,0.04422166387140532,166
144,0.003625798225402832,0.0006957446157386686,0.0025607824325561525,0.0006552097746988094,3,5,linear,1000,1.0,1.0,1.0,1.0,0.8666666666666667,0.9333333333333333,0.9333333333333333,1.0,1.0,1.0,0.9733333333333334,0.04422166387140532,166
145,0.003021907806396484,0.00023271636311664743,0.0023871421813964843,0.00033903066954319984,3,5,linear,2000,1.0,1.0,1.0,1.0,0.8666666666666667,0.9333333333333333,0.9333333333333333,1.0,1.0,1.0,0.9733333333333334,0.04422166387140532,166
146,0.003331160545349121,0.0005110568668351117,0.002343273162841797,0.00040861782855270643,3,5,linear,3000,1.0,1.0,1.0,1.0,0.8666666666666667,0.9333333333333333,0.9333333333333333,1.0,1.0,1.0,0.9733333333333334,0.04422166387140532,166
150,0.004172062873840332,0.00030590076405051546,0.003136348724365234,0.0003869537328834582,3,5,poly,1000,1.0,1.0,1.0,1.0,0.9333333333333333,0.9333333333333333,0.8666666666666667,1.0,1.0,1.0,0.9733333333333334,0.04422166387140532,166
305,0.003657674789428711,0.0006491195215910748,0.0023072004318237306,0.000440162650105023,6,4,poly,3000,1.0,1.0,1.0,1.0,0.9333333333333333,0.9333333333333333,0.8666666666666667,1.0,1.0,1.0,0.9733333333333334,0.04422166387140532,166
154,0.004485440254211426,0.0009154813107327086,0.003554964065551758,0.0008017981878244792,3,6,linear,2000,1.0,1.0,1.0,1.0,0.8666666666666667,0.9333333333333333,0.9333333333333333,1.0,1.0,1.0,0.9733333333333334,0.04422166387140532,166
109,0.0022862911224365234,0.0003599166775356225,0.0017669677734375,0.00043238444517070543,3,1,linear,2000,1.0,1.0,1.0,1.0,0.8666666666666667,0.9333333333333333,0.9333333333333333,1.0,1.0,1.0,0.9733333333333334,0.04422166387140532,166
162,0.0031837701797485353,0.0005749726304319414,0.0022878170013427733,0.0004404566640780265,4,1,linear,1000,1.0,1.0,1.0,1.0,0.8666666666666667,0.9333333333333333,0.9333333333333333,1.0,1.0,1.0,0.9733333333333334,0.04422166387140532,166
143,0.003658103942871094,0.0005320657022852993,0.002550077438354492,0.00039914269203616525,3,4,poly,3000,1.0,1.0,1.0,1.0,0.9333333333333333,0.9333333333333333,0.8666666666666667,1.0,1.0,1.0,0.9733333333333334,0.04422166387140532,166
163,0.002970099449157715,0.0002928069860262144,0.0021296977996826173,0.0001522696499365914,4,1,linear,2000,1.0,1.0,1.0,1.0,0.8666666666666667,0.9333333333333333,0.9333333333333333,1.0,1.0,1.0,0.9733333333333334,0.04422166387140532,166
171,0.0032867431640625,0.0005772004112673134,0.0025191307067871094,0.0006978130509360011,4,2,linear,1000,1.0,1.0,1.0,1.0,0.8666666666666667,0.9333333333333333,0.9333333333333333,1.0,1.0,1.0,0.9733333333333334,0.04422166387140532,166
172,0.003911423683166504,0.0006368807100522679,0.0028549671173095704,0.0007752938833243238,4,2,linear,2000,1.0,1.0,1.0,1.0,0.8666666666666667,0.9333333333333333,0.9333333333333333,1.0,1.0,1.0,0.9733333333333334,0.04422166387140532,166
173,0.0037206172943115234,0.0006277941233384116,0.003195953369140625,0.0009162486098740297,4,2,linear,3000,1.0,1.0,1.0,1.0,0.8666666666666667,0.9333333333333333,0.9333333333333333,1.0,1.0,1.0,0.9733333333333334,0.04422166387140532,166
180,0.0030682563781738283,0.000339729991312183,0.002271866798400879,0.00043798051645207667,4,3,linear,1000,1.0,1.0,1.0,1.0,0.8666666666666667,0.9333333333333333,0.9333333333333333,1.0,1.0,1.0,0.9733333333333334,0.04422166387140532,166
181,0.004806065559387207,0.0012525846945489827,0.002773427963256836,0.0007542061460198017,4,3,linear,2000,1.0,1.0,1.0,1.0,0.8666666666666667,0.9333333333333333,0.9333333333333333,1.0,1.0,1.0,0.9733333333333334,0.04422166387140532,166
182,0.004433298110961914,0.0012683769822633849,0.0033792734146118166,0.000775776168238633,4,3,linear,3000,1.0,1.0,1.0,1.0,0.8666666666666667,0.9333333333333333,0.9333333333333333,1.0,1.0,1.0,0.9733333333333334,0.04422166387140532,166
189,0.0031481504440307615,0.000332462104361491,0.002414894104003906,0.0004118111270144346,4,4,linear,1000,1.0,1.0,1.0,1.0,0.8666666666666667,0.9333333333333333,0.9333333333333333,1.0,1.0,1.0,0.9733333333333334,0.04422166387140532,166
190,0.003388190269470215,0.0003533315473237408,0.0025089502334594725,0.00030811345121901375,4,4,linear,2000,1.0,1.0,1.0,1.0,0.8666666666666667,0.9333333333333333,0.9333333333333333,1.0,1.0,1.0,0.9733333333333334,0.04422166387140532,166
164,0.002852940559387207,0.0002060868311341703,0.00211186408996582,0.00015001117386321687,4,1,linear,3000,1.0,1.0,1.0,1.0,0.8666666666666667,0.9333333333333333,0.9333333333333333,1.0,1.0,1.0,0.9733333333333334,0.04422166387140532,166
142,0.003412771224975586,0.00027012841425837675,0.002445483207702637,0.0003942176831411594,3,4,poly,2000,1.0,1.0,1.0,1.0,0.9333333333333333,0.9333333333333333,0.8666666666666667,1.0,1.0,1.0,0.9733333333333334,0.04422166387140532,166
155,0.003728771209716797,0.0003565070103427483,0.0026224374771118162,0.00024486212666725344,3,6,linear,3000,1.0,1.0,1.0,1.0,0.8666666666666667,0.9333333333333333,0.9333333333333333,1.0,1.0,1.0,0.9733333333333334,0.04422166387140532,166
137,0.0036402225494384767,0.00022981233005050483,0.0027878522872924806,0.0004490488770626369,3,4,linear,3000,1.0,1.0,1.0,1.0,0.8666666666666667,0.9333333333333333,0.9333333333333333,1.0,1.0,1.0,0.9733333333333334,0.04422166387140532,166
117,0.0021262407302856446,0.0003274494172165258,0.0015428304672241212,0.0001825233188822698,3,2,linear,1000,1.0,1.0,1.0,1.0,0.8666666666666667,0.9333333333333333,0.9333333333333333,1.0,1.0,1.0,0.9733333333333334,0.04422166387140532,166
118,0.002075338363647461,0.00020932106304808314,0.0014792919158935548,0.00020956499985761887,3,2,linear,2000,1.0,1.0,1.0,1.0,0.8666666666666667,0.9333333333333333,0.9333333333333333,1.0,1.0,1.0,0.9733333333333334,0.04422166387140532,166
119,0.0019954442977905273,0.00017732641274293147,0.0014822244644165038,0.0002851886356386593,3,2,linear,3000,1.0,1.0,1.0,1.0,0.8666666666666667,0.9333333333333333,0.9333333333333333,1.0,1.0,1.0,0.9733333333333334,0.04422166387140532,166
141,0.003476405143737793,0.0002570654162325807,0.002408409118652344,0.000281172483805855,3,4,poly,1000,1.0,1.0,1.0,1.0,0.9333333333333333,0.9333333333333333,0.8666666666666667,1.0,1.0,1.0,0.9733333333333334,0.04422166387140532,166
126,0.0021073102951049806,0.00038057910320929135,0.0015435218811035156,0.00033216539416279484,3,3,linear,1000,1.0,1.0,1.0,1.0,0.8666666666666667,0.9333333333333333,0.9333333333333333,1.0,1.0,1.0,0.9733333333333334,0.04422166387140532,166
127,0.0022138118743896484,0.0002058566596010274,0.0015744447708129882,0.00015945501767991124,3,3,linear,2000,1.0,1.0,1.0,1.0,0.8666666666666667,0.9333333333333333,0.9333333333333333,1.0,1.0,1.0,0.9733333333333334,0.04422166387140532,166
128,0.0024200201034545897,0.00043668949036027504,0.001906275749206543,0.0004379121895614626,3,3,linear,3000,1.0,1.0,1.0,1.0,0.8666666666666667,0.9333333333333333,0.9333333333333333,1.0,1.0,1.0,0.9733333333333334,0.04422166387140532,166
135,0.0058528661727905275,0.0013751441157275014,0.004261279106140136,0.000806528932775991,3,4,linear,1000,1.0,1.0,1.0,1.0,0.8666666666666667,0.9333333333333333,0.9333333333333333,1.0,1.0,1.0,0.9733333333333334,0.04422166387140532,166
153,0.00477750301361084,0.0006927441103857913,0.003284168243408203,0.000782917228202938,3,6,linear,1000,1.0,1.0,1.0,1.0,0.8666666666666667,0.9333333333333333,0.9333333333333333,1.0,1.0,1.0,0.9733333333333334,0.04422166387140532,166
136,0.004078078269958496,0.000640600340480902,0.0029507875442504883,0.00047662846349472127,3,4,linear,2000,1.0,1.0,1.0,1.0,0.8666666666666667,0.9333333333333333,0.9333333333333333,1.0,1.0,1.0,0.9733333333333334,0.04422166387140532,166
26,0.002189326286315918,0.0002314670674499421,0.0015145301818847655,0.0001672950126323804,1,3,poly,3000,1.0,0.9333333333333333,1.0,1.0,0.8666666666666667,0.9333333333333333,0.9333333333333333,1.0,1.0,1.0,0.9666666666666668,0.04472135954999579,278
98,0.00298917293548584,0.0008434420095934649,0.002062702178955078,0.0007305780204514737,2,5,poly,3000,1.0,0.9333333333333333,1.0,1.0,0.9333333333333333,0.9333333333333333,0.8666666666666667,1.0,1.0,1.0,0.9666666666666668,0.04472135954999579,278
97,0.0028032302856445313,0.0003705564604396988,0.0022345542907714843,0.0007349869658878379,2,5,poly,2000,1.0,0.9333333333333333,1.0,1.0,0.9333333333333333,0.9333333333333333,0.8666666666666667,1.0,1.0,1.0,0.9666666666666668,0.04472135954999579,278
96,0.0028739213943481446,0.000959514589364877,0.0017582178115844727,0.00033329698382750554,2,5,poly,1000,1.0,0.9333333333333333,1.0,1.0,0.9333333333333333,0.9333333333333333,0.8666666666666667,1.0,1.0,1.0,0.9666666666666668,0.04472135954999579,278
231,0.0025658369064331054,0.00028001580447250765,0.0018488645553588867,0.000167185902729438,5,2,poly,1000,1.0,0.9333333333333333,1.0,1.0,0.8666666666666667,0.9333333333333333,0.9333333333333333,1.0,1.0,1.0,0.9666666666666668,0.04472135954999579,278
179,0.003172755241394043,0.0004942176908928576,0.002191638946533203,0.00032130942595027883,4,2,poly,3000,1.0,0.9333333333333333,1.0,1.0,0.8666666666666667,0.9333333333333333,0.9333333333333333,1.0,1.0,1.0,0.9666666666666668,0.04472135954999579,278
204,0.0034015655517578127,0.0002270098416258099,0.0023798704147338866,0.00028149780757430476,4,5,poly,1000,1.0,0.9333333333333333,1.0,1.0,0.9333333333333333,0.9333333333333333,0.8666666666666667,1.0,1.0,1.0,0.9666666666666668,0.04472135954999579,278
205,0.003481006622314453,0.000521059484055898,0.002244234085083008,0.0005055906097360013,4,5,poly,2000,1.0,0.9333333333333333,1.0,1.0,0.9333333333333333,0.9333333333333333,0.8666666666666667,1.0,1.0,1.0,0.9666666666666668,0.04472135954999579,278
206,0.003514862060546875,0.00026002462333720794,0.0022212505340576173,0.0003857748791916138,4,5,poly,3000,1.0,0.9333333333333333,1.0,1.0,0.9333333333333333,0.9333333333333333,0.8666666666666667,1.0,1.0,1.0,0.9666666666666668,0.04472135954999579,278
178,0.0031345129013061524,0.00024054578368305077,0.002362680435180664,0.00046643724567684307,4,2,poly,2000,1.0,0.9333333333333333,1.0,1.0,0.8666666666666667,0.9333333333333333,0.9333333333333333,1.0,1.0,1.0,0.9666666666666668,0.04472135954999579,278
232,0.002631807327270508,0.0002452260945121825,0.001800370216369629,0.00016291886790906099,5,2,poly,2000,1.0,0.9333333333333333,1.0,1.0,0.8666666666666667,0.9333333333333333,0.9333333333333333,1.0,1.0,1.0,0.9666666666666668,0.04472135954999579,278
260,0.003067421913146973,0.00030684782443805207,0.0018916845321655274,0.0001473157145842652,5,5,poly,3000,1.0,0.9333333333333333,1.0,1.0,0.9333333333333333,0.9333333333333333,0.8666666666666667,1.0,1.0,1.0,0.9666666666666668,0.04472135954999579,278
177,0.0033973932266235353,0.0006625088805531893,0.0023898839950561523,0.000494989934849782,4,2,poly,1000,1.0,0.9333333333333333,1.0,1.0,0.8666666666666667,0.9333333333333333,0.9333333333333333,1.0,1.0,1.0,0.9666666666666668,0.04472135954999579,278
287,0.007904958724975587,0.001185277749767468,0.005363607406616211,0.0009714945920197178,6,2,poly,3000,1.0,0.9333333333333333,1.0,1.0,0.8666666666666667,0.9333333333333333,0.9333333333333333,1.0,1.0,1.0,0.9666666666666668,0.04472135954999579,278
25,0.002164411544799805,0.00036339089708165,0.0016136646270751953,0.00030783040332994164,1,3,poly,2000,1.0,0.9333333333333333,1.0,1.0,0.8666666666666667,0.9333333333333333,0.9333333333333333,1.0,1.0,1.0,0.9666666666666668,0.04472135954999579,278
24,0.0020858049392700195,0.00017872179359497187,0.0015418052673339844,0.00018223022475057383,1,3,poly,1000,1.0,0.9333333333333333,1.0,1.0,0.8666666666666667,0.9333333333333333,0.9333333333333333,1.0,1.0,1.0,0.9666666666666668,0.04472135954999579,278
314,0.005081868171691895,0.00037912289792255084,0.0035199642181396483,0.0007457551731405378,6,5,poly,3000,1.0,0.9333333333333333,1.0,1.0,0.9333333333333333,0.9333333333333333,0.8666666666666667,1.0,1.0,1.0,0.9666666666666668,0.04472135954999579,278
233,0.0026376008987426757,0.00030206748498555524,0.0017657279968261719,0.00016208872677967131,5,2,poly,3000,1.0,0.9333333333333333,1.0,1.0,0.8666666666666667,0.9333333333333333,0.9333333333333333,1.0,1.0,1.0,0.9666666666666668,0.04472135954999579,278
152,0.005610156059265137,0.0013622997188432776,0.0033862829208374024,0.0007916133740808409,3,5,poly,3000,1.0,0.9333333333333333,1.0,1.0,0.9333333333333333,0.9333333333333333,0.8666666666666667,1.0,1.0,1.0,0.9666666666666668,0.04472135954999579,278
286,0.005759334564208985,0.0007217981197729027,0.004312729835510254,0.0009353374748716091,6,2,poly,2000,1.0,0.9333333333333333,1.0,1.0,0.8666666666666667,0.9333333333333333,0.9333333333333333,1.0,1.0,1.0,0.9666666666666668,0.04472135954999579,278
313,0.004770040512084961,0.0006470569811351723,0.0029431819915771485,0.000499258640171849,6,5,poly,2000,1.0,0.9333333333333333,1.0,1.0,0.9333333333333333,0.9333333333333333,0.8666666666666667,1.0,1.0,1.0,0.9666666666666668,0.04472135954999579,278
151,0.004348397254943848,0.0004853067922471164,0.0036067724227905273,0.0010782430009740737,3,5,poly,2000,1.0,0.9333333333333333,1.0,1.0,0.9333333333333333,0.9333333333333333,0.8666666666666667,1.0,1.0,1.0,0.9666666666666668,0.04472135954999579,278
285,0.0061585426330566405,0.000841176460442161,0.004764246940612793,0.0005272625238141041,6,2,poly,1000,1.0,0.9333333333333333,1.0,1.0,0.8666666666666667,0.9333333333333333,0.9333333333333333,1.0,1.0,1.0,0.9666666666666668,0.04472135954999579,278
259,0.0029714822769165037,0.00024866989337720834,0.001967120170593262,0.00022012897162319668,5,5,poly,2000,1.0,0.9333333333333333,1.0,1.0,0.9333333333333333,0.9333333333333333,0.8666666666666667,1.0,1.0,1.0,0.9666666666666668,0.04472135954999579,278
312,0.004371762275695801,0.0007256685960691003,0.0030486345291137694,0.0004636043900231419,6,5,poly,1000,1.0,1.0,1.0,1.0,0.8666666666666667,0.9333333333333333,0.8666666666666667,1.0,1.0,1.0,0.9666666666666668,0.053748384988656986,278
8,0.0027854442596435547,0.0009018605610602245,0.0017903566360473633,0.0003533188151766781,1,1,poly,3000,1.0,0.9333333333333333,1.0,0.9333333333333333,1.0,0.9333333333333333,0.9333333333333333,0.9333333333333333,1.0,1.0,0.9666666666666666,0.033333333333333326,303
53,0.00264739990234375,0.00039514481425728583,0.001587677001953125,0.0002952621118309311,1,6,poly,3000,1.0,0.9333333333333333,1.0,0.9333333333333333,0.9333333333333333,1.0,0.8666666666666667,1.0,1.0,1.0,0.9666666666666666,0.04472135954999579,303
6,0.0031960010528564453,0.0010909121419331504,0.0018204450607299805,0.00039020237948666223,1,1,poly,1000,1.0,0.9333333333333333,1.0,0.9333333333333333,1.0,0.9333333333333333,0.9333333333333333,0.9333333333333333,1.0,1.0,0.9666666666666666,0.033333333333333326,303
7,0.0028165578842163086,0.0007707650698590608,0.001967906951904297,0.0006494575047242099,1,1,poly,2000,1.0,0.9333333333333333,1.0,0.9333333333333333,1.0,0.9333333333333333,0.9333333333333333,0.9333333333333333,1.0,1.0,0.9666666666666666,0.033333333333333326,303
105,0.002882695198059082,0.00048592321526250257,0.0018424272537231445,0.00040796799313435976,2,6,poly,1000,1.0,0.9333333333333333,1.0,1.0,0.8666666666666667,0.9333333333333333,0.8666666666666667,1.0,1.0,1.0,0.9600000000000002,0.05333333333333332,307
161,0.00420832633972168,0.0002692889459672509,0.0026354551315307616,0.0004525421090424814,3,6,poly,3000,1.0,0.9333333333333333,1.0,0.9333333333333333,0.9333333333333333,0.9333333333333333,0.8666666666666667,1.0,1.0,1.0,0.96,0.044221663871405324,308
107,0.002611994743347168,9.648981344799428e-05,0.0016644716262817383,0.0002947534296211786,2,6,poly,3000,1.0,0.9333333333333333,1.0,0.9333333333333333,0.9333333333333333,0.9333333333333333,0.8666666666666667,1.0,1.0,1.0,0.96,0.044221663871405324,308
52,0.0023282527923583984,0.0001583303372325536,0.0015692710876464844,0.00020034014006058772,1,6,poly,2000,1.0,0.9333333333333333,1.0,0.9333333333333333,0.9333333333333333,0.9333333333333333,0.8666666666666667,1.0,1.0,1.0,0.96,0.044221663871405324,308
258,0.002840757369995117,0.0003130376020614832,0.0017688274383544922,0.00014599407459131802,5,5,poly,1000,1.0,1.0,1.0,0.9333333333333333,0.9333333333333333,0.8,0.8666666666666667,1.0,1.0,1.0,0.9533333333333334,0.06699917080747259,311
215,0.004816651344299316,0.0011341171508683005,0.003063678741455078,0.000739261878121542,4,6,poly,3000,1.0,0.9333333333333333,1.0,0.8666666666666667,0.8666666666666667,1.0,0.8666666666666667,1.0,1.0,1.0,0.9533333333333334,0.059999999999999984,311
160,0.00428774356842041,0.000705553309622269,0.002595400810241699,0.0003593143980592505,3,6,poly,2000,1.0,0.9333333333333333,1.0,0.9333333333333333,0.8666666666666667,0.9333333333333333,0.8666666666666667,1.0,1.0,1.0,0.9533333333333334,0.052068331172711015,311
51,0.0024480581283569335,0.000282235427696083,0.0015508413314819336,0.00023410279003650432,1,6,poly,1000,1.0,0.9333333333333333,1.0,0.9333333333333333,0.9333333333333333,0.8666666666666667,0.8666666666666667,1.0,1.0,1.0,0.9533333333333334,0.052068331172711015,311
323,0.003595137596130371,0.000320293731370879,0.0020370006561279295,0.00015509662025243705,6,6,poly,3000,1.0,0.9333333333333333,1.0,1.0,0.8666666666666667,0.9333333333333333,0.8666666666666667,1.0,0.9333333333333333,1.0,0.9533333333333334,0.052068331172711015,311
214,0.004038214683532715,0.00030012282352803965,0.0028199672698974608,0.000656018533915743,4,6,poly,2000,1.0,0.9333333333333333,1.0,0.8666666666666667,0.8666666666666667,0.9333333333333333,0.8666666666666667,1.0,1.0,1.0,0.9466666666666667,0.0581186525805423,316
213,0.0040740489959716795,0.000509410469979229,0.0028032541275024416,0.0006222826040659343,4,6,poly,1000,0.9333333333333333,0.9333333333333333,1.0,0.9333333333333333,0.8666666666666667,0.9333333333333333,0.8666666666666667,1.0,1.0,1.0,0.9466666666666667,0.04988876515698587,316
106,0.0030564785003662108,0.0005789169240241499,0.0018340110778808593,0.0003983700815342227,2,6,poly,2000,1.0,0.9333333333333333,1.0,0.8666666666666667,0.9333333333333333,0.8666666666666667,0.8666666666666667,1.0,1.0,1.0,0.9466666666666667,0.0581186525805423,316
322,0.0035722970962524412,0.000324179050086333,0.0021329402923583986,0.00021258269562205633,6,6,poly,2000,1.0,0.9333333333333333,1.0,0.8,0.8666666666666667,0.9333333333333333,0.8666666666666667,1.0,1.0,1.0,0.9400000000000001,0.06960204339273698,319
269,0.00453643798828125,0.0011194176904508115,0.0025795698165893555,0.0004462447018300478,5,6,poly,3000,1.0,0.9333333333333333,1.0,0.8,0.8666666666666667,0.9333333333333333,0.8666666666666667,1.0,1.0,1.0,0.9400000000000001,0.06960204339273698,319
268,0.004306817054748535,0.0008450804867720035,0.002439546585083008,0.00032135049516181414,5,6,poly,2000,1.0,0.9333333333333333,0.9333333333333333,0.9333333333333333,0.8666666666666667,0.9333333333333333,0.8666666666666667,0.9333333333333333,0.9333333333333333,1.0,0.9333333333333333,0.04216370213557838,321
267,0.004698896408081054,0.0008162236652393645,0.003235602378845215,0.0005705668780206411,5,6,poly,1000,0.8666666666666667,0.9333333333333333,1.0,0.8666666666666667,0.8666666666666667,0.8666666666666667,0.8666666666666667,1.0,1.0,1.0,0.9266666666666667,0.06289320754704401,322
159,0.00461883544921875,0.0008080663665492473,0.0029562234878540037,0.0006355623930347414,3,6,poly,1000,0.8,0.9333333333333333,1.0,0.8666666666666667,0.8666666666666667,0.9333333333333333,0.8666666666666667,1.0,1.0,1.0,0.9266666666666667,0.06960204339273698,322
321,0.003382587432861328,0.00041256340023257024,0.0022103548049926757,0.0002232897476362842,6,6,poly,1000,0.8666666666666667,0.9333333333333333,1.0,0.8666666666666667,0.8666666666666667,0.8666666666666667,0.8666666666666667,1.0,1.0,1.0,0.9266666666666667,0.06289320754704401,322
